,İlan no,İlan Başlık,Fiyat,Tarih,Konum
0,#1069848163,2017 ÇIKIŞLI TOYOTA YARİS-HATASIZ BOYASIZ-OTOM­ATİK-75.000 KM`DE,455.000 TL,26 Aralık 2022,Antalya / Kepez
1,#1069808944,SAHIBINDEN KAZASIZ BOYASIZ HIBRIT premium plus navi,1.105.000 TL,26 Aralık 2022,İstanbul / Bağcılar
2,#1068952311,SAHİBİNDEN TEMİZ COROLLA,244.000 TL,26 Aralık 2022,Samsun / Havza
3,#1069787907,SAHİBİNDEN HATASIZ BOYASIZ TAM OTAMATIK COROLLA 1.6,539.750 TL,26 Aralık 2022,Ankara / Yenimahalle
4,#1069760784,HIZLI KREDİ 2013 TOYOTA AURİS ACTİVE SKYPACK MULTIDREVE S,470.000 TL,26 Aralık 2022,İstanbul / Ataşehir
5,#1069740145,%18 FATURALI COROLLA %45 PEŞİN 48 AY VADE KREDİ ÇIKARILIR,499.750 TL,26 Aralık 2022,İstanbul / Bağcılar
6,#1069746396,OTOMATİK 2010 TOYOTA COROLLA 1.6 ELEGANT EN DOLUSU 83 BİNDE,377.500 TL,26 Aralık 2022,İstanbul / Silivri
7,#1069741130,AYDINLAR AUTODAN 2021 TOYOTA COROLLA 1.5 DREAM HATASIZ BOYASIZ,653.000 TL,26 Aralık 2022,Ordu / Altınordu
8,#1069737384,MURAT OTOMOTİVDEN 2015 TOYOTO COROLLA ADVANCE,335.000 TL,26 Aralık 2022,Ankara / Çankaya
9,#1064606943,E M R MOTORS 2011 OTOMATİK TOYOTA COROLLA.1.4 - D4 COMFORT EXTRA,328.000 TL,26 Aralık 2022,Sakarya / Erenler
10,#1069711896,HATASIZ BOYASIZ/CAM TAVANLI/DİZ­EL/OTOMATİK VİTES/PREMİUM PKT,482.000 TL,26 Aralık 2022,Ankara / Çankaya
11,#1063865415,KREDİ İMKANI ile 2012 COROLLA 1.4 D-4D ELEGANT M/M 90HP OTOMATİK,329.750 TL,26 Aralık 2022,İstanbul / Ataşehir
12,#1069663421,MERT OTOMOTİVDEN HATASIZ BOYASIZ 116.000 KM'DE OTOMATİK YARİS,329.500 TL,25 Aralık 2022,Kırşehir / Merkez
13,#1069607637,2019 ACİL TOYOTA COROLLA 1.8 HYBRİD TAM OTOMATİK SAHİBİNDEN,525.000 TL,25 Aralık 2022,Gaziantep / Şehitkamil
14,#1069599955,2014 COROLLA 1.4 D-4D ACTİVE OTOMATİK,386.500 TL,25 Aralık 2022,İstanbul / Sancaktepe
15,#1069576670,DEĞİŞENSİZ BOYASIZ C-HR Crossover 1.8 Hybrid 4x2 Diamond,732.950 TL,25 Aralık 2022,İstanbul / Ataşehir
16,#1069516686,HİLAL'den 2008 Corolla 189 Bin Km'de Otomatik Elegant+Lpg,319.750 TL,24 Aralık 2022,Antalya / Muratpaşa
17,#1069512112,AYT AUTO'dan 36 AY VADE %30 PEŞİNAT İLE/MASRAFSIZ OTOMATİK TERRA,227.750 TL,24 Aralık 2022,İstanbul / Büyükçekmece
18,#1069501910,SAHİBİNDEN HATASIZ BOYASIZ!!34.000!! KM'DE OTOMATİK YARİS,496.500 TL,24 Aralık 2022,İstanbul / Güngören
19,#1069495301,2015 TOYOTA COROLLA 1.33 ÇELİK JANT-NAVI-SİS 100.000 KM ORJ,364.900 TL,24 Aralık 2022,Ankara / Keçiören
20,#1069490193,EMSALSİZ TEMİZLİKTE 33 BİN KM TOYOTA CORALLA,439.750 TL,24 Aralık 2022,İzmir / Bornova
21,#1040099001,Oskar Otomotivden 2020 Model Toyota Corolla 1.6 Tüplü Benzinli,525.000 TL,24 Aralık 2022,Gaziantep / Şehitkamil
22,#1069408092,DJ KLİMA _ GERİ GÖRÜŞ _ EKRAN _ katlanır ayna İÇİ BEJ KOMBİNE,308.000 TL,24 Aralık 2022,İstanbul / Kadıköy
23,#1069392095,FIRSAT 2018 TOYOTA COROLLA 1.4 D TOUCH 89.000 KM %18 FATURA,507.000 TL,23 Aralık 2022,İstanbul / Bahçelievler
24,#1066865749,2012 TOYOTA YARİS OTOMATİK 72 BİN KM KAPUT TAVAN BAGAJ HATASIZ,345.500 TL,23 Aralık 2022,İstanbul / Avcılar
25,#1069344643,MAKYAJ KASA TOYOTA COROLLA 2016 OTOMATİK 50 İNCİ YIL ÇELİK JANT,475.000 TL,23 Aralık 2022,Kayseri / Melikgazi
26,#1069351213,2022 TOYOTA HILUX 4X4 İNVİNCİBLE 5 BÖLGE/ISITM­A/DERİ/JBL SES SİS,1.189.500 TL,23 Aralık 2022,İstanbul / Bahçelievler
27,#1068857248,Acil !İlk Sahibinden Hatasız Ayarında,277.000 TL,23 Aralık 2022,Ankara / Keçiören
28,#1069320233,2012 MODEL TOYOTA COROLLA ELEGANT,324.000 TL,23 Aralık 2022,Diyarbakır / Silvan
29,#1069292808,Corolla Hatcback Flame X-Pack,950.000 TL,23 Aralık 2022,Kocaeli / İzmit
30,#1067929172,"%1,54 ORAN AZ PEŞİNAT KREDİ 2020 TOYOTA COROLLA 1.8 HYBRID DREAM",625.950 TL,23 Aralık 2022,İstanbul / Ataşehir
31,#1069236874,MELEK BEYAZI TERTEMİZ TOYOTA İLANDA KAÇIRMA PİYASANIN ALTINDA,430.000 TL,22 Aralık 2022,Batman / Kozluk
32,#1069148732,1.6 OTOMATİK LPG SORUNSUZ,295.000 TL,22 Aralık 2022,Afyonkarahisar / Merkez
33,#1067320049,TEKİNSOY RENT A CAR,600 TL,22 Aralık 2022,İstanbul / Sarıyer
34,#1069132540,109.000 KM 2013 HATASIZ TOYOTA YARİS OTOMATİK VİTES,388.500 TL,22 Aralık 2022,İstanbul / Pendik
35,#1069075762,KAYZEN'DEN 2020 COROLLA HİBRİT BOYASIZ TRAMERSİZ GARANTİLİ...,663.750 TL,21 Aralık 2022,İstanbul / Bağcılar
36,#1069066050,HATASIZ BOYASIZ TRAMERSİZ,705.000 TL,21 Aralık 2022,İzmir / Torbalı
37,#1069047446,MEGA OTOMOTİV'den 1991 KLİMALI XL,147.500 TL,21 Aralık 2022,Osmaniye / Merkez
38,#1069026912,"2018 TOYOTA C-HR 1.8 HYBRİD.DİAMOND.HATAS­IZ-BOYASIZ-36,322KM",762.750 TL,21 Aralık 2022,Muğla / Bodrum
39,#1068987183,KUZENLER AUTO'DAN 2016 YARİS 1.5 HYBRİD SPİRİT 34.000'KM BOYASIZ,518.500 TL,21 Aralık 2022,İstanbul / Kadıköy
40,#1069024008,2019_COROLLO_1.8­_HYBRİD_OTOMATİK­_VİTES_43.BİNDE­_İÇİ_BEJ_DÖŞEME_,657.750 TL,21 Aralık 2022,İstanbul / Sancaktepe
41,#1069018353,HATASIZ/BOYASIZ/BOL EKSTRALI,655.000 TL,21 Aralık 2022,Aksaray / Merkez
42,#1068987863,HATASIZ iki lokal bir tam boyalı,382.000 TL,21 Aralık 2022,Eskişehir / Çifteler
43,#1010669225,"2020 COROLLA 1,6 FLAME X-PACK 20,00KM SANRUF BOYASIZ !!!!",753.500 TL,21 Aralık 2022,Sakarya / Adapazarı
44,#1058979705,MUSTAFA MOTORS DAN HATASIZ BOYASIZ ADVENCE OTOMATİK COROLLA,538.500 TL,21 Aralık 2022,Antalya / Kepez
45,#1052563521,2015 TOYOTA AURİS ( senetle taksitlendirme seçeneğimiz vardır ),509.750 TL,20 Aralık 2022,İstanbul / Üsküdar
46,#1068796650,OTOMATİK VİTES 81 BİN KMDE SERVİS BAKIMLI KUSURSUZ,353.600 TL,20 Aralık 2022,Kocaeli / İzmit
47,#1060559480,ORJİNAL DİZEL OTOMATİK 3 GÜNLÜK GEÇERLİ FİYAT !!! İLK GELEN ALIR,455.250 TL,20 Aralık 2022,İstanbul / Küçükçekmece
48,#1068843090,KALAYCI GRUP'TAN HATASIZ 2009 COROLLA 1.6 COMFORT BENZİN/LPG,358.750 TL,20 Aralık 2022,Ankara / Akyurt
49,#1062386642,96 MODEL EFSANE KASA COROLLA 1.6 XEİ 262 BİNDE MASRAFSIZ,169.500 TL,20 Aralık 2022,Erzincan / Merkez
