İlan no,İlan Başlık,Fiyat,Tarih,Konum
#1066816077,HATASIZ BOYASIZ TOYOTA CHR İLK SAHİBİNDEN,755.000 TL,09 Aralık 2022,İl / İlçe:  İstanbul / Şişli
#1065022922,HATASIZ BOYASIZ EMSALSİZ 60 BİNDE OTOMATİK AİLE ARACI,482.750 TL,09 Aralık 2022,İl / İlçe:  İstanbul / Pendik
#1066214971,ZARA MOTORSDAN HATASIZ BOYASIZCAM TAVAN FULL+FULL FIRSAT ARACI,688.750 TL,09 Aralık 2022,İl / İlçe:  İstanbul / Esenyurt
#1064385600,156.000TL PEŞİNAT %18KDV DEĞİŞENSİZ 2021 CHR 1.8HYBRID FLAME CVT,725.750 TL,09 Aralık 2022,İl / İlçe:  İstanbul / Ataşehir
#1061113280,39.750TL PEŞİNAT ile %18KDV 2019 COROLLA 1.8 HYBRID DREAM e-CVT,539.750 TL,09 Aralık 2022,İl / İlçe:  İstanbul / Ataşehir
#1063865415,KREDİ İMKANI ile 2012 COROLLA 1.4 D-4D ELEGANT M/M 90HP OTOMATİK,329.750 TL,09 Aralık 2022,İl / İlçe:  İstanbul / Ataşehir
#1066699346,TOYOTA AURİS Active Skypack 1.4 DİZEL OTOMATİK ÖZEL RENK,418.000 TL,08 Aralık 2022,İl / İlçe:  Zonguldak / Ereğli
#1066681420,2019 MODEL TOYOTA COROLLA 1.8 HYBRİD DREAM E-CVT 122 HP,548.750 TL,08 Aralık 2022,İl / İlçe:  İstanbul / Sancaktepe
#1066673135,2022 MODEL/HATASIZ/HA­YALET/G.GÖRÜŞ/K .AYNA/K.ŞARJ/İLK SAHİP/,755.000 TL,08 Aralık 2022,İl / İlçe:  İstanbul / Esenyurt
#1064227302,2019 ÇKŞ/80.000KM/HATA­SIZ/BOYASIZ/G.GÖR ÜŞ/K.AYNA/TABLET/,519.000 TL,08 Aralık 2022,İl / İlçe:  İstanbul / Esenyurt
#1066676468,OĞUZ OTO GALERİDEN 2022 COROLLA FLAME X PACK SUNROOF OTOMATIK,780.000 TL,08 Aralık 2022,İl / İlçe:  Muğla / Fethiye
#1066649721,HATASIZ BOYASIZ 14 BİN KM'DE SIFIRDAN FARKSIZ,678.000 TL,08 Aralık 2022,İl / İlçe:  Kırşehir / Merkez
#1066639381,2016 TEK PARÇA BOYALI DEĞİŞENSİZ 117 BİN PREMİUM EXPER RAPORLU,441.000 TL,08 Aralık 2022,İl / İlçe:  Tekirdağ / Süleymanpaşa
#779848652,OSMANLI VİP den YENİ NESİL ARAÇLAR ESKİLERLE UĞRAŞMAYIN....,600 TL,08 Aralık 2022,İl / İlçe:  Bursa / Nilüfer
#1066620296,98 model HİDROLİK VE AYARLANABİLİR Direksiyon 184000 kilomtrede,146.950 TL,08 Aralık 2022,İl / İlçe:  İstanbul / Beşiktaş
#1066610114,ACİL HASARSIZ 2018 YENİ MAKYAJ COROLLA 1.6/75BİNDE/6 İLERİ/EKRAN/,457.500 TL,08 Aralık 2022,İl / İlçe:  Aydın / Didim
#1066599252,COROLLA OTOMATİK HYBRİD 1.8 2019 BOYASIZ,617.000 TL,08 Aralık 2022,İl / İlçe:  Ankara / Çankaya
#1066585407,2004 plaka ruhsatlı RAV4,158.500 TL,08 Aralık 2022,İl / İlçe:  Mersin / Toroslar
#1066577260,60.000 KM DE 2014 ÇIKIŞLI DİZEL OTOMATİK CORALLA ACTİVE,435.000 TL,08 Aralık 2022,İl / İlçe:  İstanbul / Sultanbeyli
#1043778137,TOYATA RAM4 2.0 PREMİUM MULTİDRİVE S,650.000 TL,07 Aralık 2022,İl / İlçe:  Kahramanmaraş / Dulkadiroğlu
